{"accuracy": 0.9935483870967742, "recall": 1.0, "precision": 0.9917850721009767, "f1": 0.9958755952064858}